{"cameraMode":{"drawMode":0,"name":"Shaded","section":"Shading Mode"},"sceneLighting":false,"audioPlay":false,"sceneViewState":{"showFog":true,"showMaterialUpdate":false,"showSkybox":false,"showFlares":true,"showImageEffects":true,"showParticleSystems":true},"in2DMode":false,"pivot":{"x":0.43615293502807619,"y":-0.0803823471069336,"z":0.4287651777267456},"rotation":{"x":-0.10861771553754807,"y":0.5626448392868042,"z":-0.07488447427749634,"w":-0.8161037564277649},"size":24.04388999938965,"orthographic":false}