{"cameraMode":{"drawMode":0,"name":"Shaded","section":"Shading Mode"},"sceneLighting":false,"audioPlay":false,"sceneViewState":{"showFog":true,"showMaterialUpdate":false,"showSkybox":false,"showFlares":true,"showImageEffects":true,"showParticleSystems":true},"in2DMode":false,"pivot":{"x":-1.6221338510513306,"y":0.04392886161804199,"z":-0.4199657440185547},"rotation":{"x":-0.07935285568237305,"y":0.21273595094680787,"z":-0.01733691245317459,"w":-0.9737278819084168},"size":4.950000286102295,"orthographic":false}