{"cameraMode":{"drawMode":0,"name":"Shaded","section":"Shading Mode"},"sceneLighting":false,"audioPlay":false,"sceneViewState":{"showFog":true,"showMaterialUpdate":false,"showSkybox":false,"showFlares":true,"showImageEffects":true,"showParticleSystems":true},"in2DMode":false,"pivot":{"x":-32.55573272705078,"y":6.2099127769470219,"z":-0.307098388671875},"rotation":{"x":-0.10861771553754807,"y":0.5626448392868042,"z":-0.07488447427749634,"w":-0.8161037564277649},"size":30.776947021484376,"orthographic":false}